weight,word
22,accounts
44,ad
13,advertising
28,age
33,AI
34,Amazon
103,America
36,Anything
40,Apple
16,benefit
16,bet
53,Bitcoin
40,bullshit
128,business
16,cares
63,cash
12,celebrity
21,CEO
26,charge
11,charity
19,cheap
12,China
11,Chiropractors
11,Christianity
86,Church
26,class
21,click
76,college
21,control
15,corporations
22,coworker
72,crypto
51,dad
16,Democrats
52,dollars
123,Donald
61,economics
13,economy
120,email
63,emails
22,everything
11,ex
77,Facebook
17,fair
122,fake
15,FBI
28,financial
13,flag
31,foreign
32,fraud
95,friends
26,gas
12,girlfriend
23,God
14,gold
27,Good
45,Google
22,GOP
65,government
13,Great
53,hate
16,Herbalife
30,homeless
33,hope
72,insurance
27,internet
13,invest
73,IRS
49,job
26,jobs
16,Joel
72,legit
32,legitimate
14,Life
19,loan
11,lottery
22,Love
84,MAGA
23,manager
32,market
13,Marketing
65,Marriage
49,media
27,members
21,mental
13,mentally
16,military
22,millions
17,minimum
174,MLM
22,model
701,money
29,news
87,Nigerian Prince
14,OF
21,offering
78,organic
13,Osteen
16,overpriced
49,Party
28,Paying
65,payment
10,PayPal
1166,people
28,phishing
37,police
98,Politics
33,poor
32,president
21,pretend
11,price
16,prices
24,private
75,products
10,profit
13,propaganda
103,pyramid
16,radio
24,Reddit
15,relationship
329,Religion
28,rent
119,Republican
23,research
44,Romance
13,room
79,sales
396,scam
22,scammed
361,scammer
110,scheme
56,school
37,security
13,shipping
22,signed
27,specific
31,straight
22,stupid
16,surveys
58,system
31,target
53,tax
75,taxes
23,tech
21,texting
26,there
17,times
65,timeshare
22,transfer
45,Trickle
439,Trump
32,trust
12,truth
11,Tupperware
23,TV
80,US
119,Voting
13,vulnerable
13,Walmart
22,warranty
33,water
28,website
16,wedding
42,women
49,world
16,YouTube
